timestamp(ms),set,PWM,temp_int,time_of_one_cycle,temp_delta,temp_iï¿½>temp_int,time_of_me_of_one_cycle,
"1708894432.767",,,,,,"-25.08",,
"1708895651.201",,,,,,,"82",
"1708895965.271",,,"-29.95",,,,,
"1708895965.272","-30","9853","-29.96","83","0.05",,,
"1708895965.273",,,,"83","0.04",,,
"1708895965.274","-30","9660","-29.95",,,,,
"1708895965.278",,,,"83",,,,
"1708895965.279","-30","9853",,,"0.05",,,
"1708895965.28",,,"-29.92","83",,,,
"1708895965.281","-30",,,,"0.08",,,
"1708895965.282",,"10625","-29.97","83",,,,
"1708895965.283","-30","9274",,,"0.03",,,
"1708895965.284",,,"-30.02","82",,,,
"1708895965.285","-30",,,,"-0.02",,,
"1708895965.286",,"8116",,,,,,
"1708895965.287",,,"-30.04","83","-0.04",,,
"1708895965.288","-30","7536","-29.97",,,,,
"1708895965.289","-30","9467",,"83","0.03",,,
"1708895965.29",,,"-30.07","82","-0.07",,,
"1708895965.291","-30","6764","-30.05",,,,,
"1708895965.292",,,,"82","-0.05",,,
"1708895965.293","-30","7150","-30.14",,,,,
"1708895965.294","-30",,,"82","-0.14",,,
"1708895965.295",,"4833","-30.05",,,,,
"1708895965.296","-30","7343",,"82","-0.05",,,
"1708895965.297","-30",,"-30","82","0",,,
"1708895965.298","-30","6764","-30.07","82","-0.07",,,
"1708895965.299","-30",,"-29.99","83","0.01",,,
"1708895965.3","-30","8888","-29.97","83","0.03",,,
"1708895965.301","-30","9467","-30","82","0",,,
"1708895965.302","-30","8694","-29.87","83","0.13",,,
"1708895965.303","-30","11977","-29.88","83","0.12",,,
"1708895965.304","-30","11784","-29.88","83","0.12",,,
"1708895965.305","-30","11784","-29.97","83","0.03",,,
"1708895965.306","-30","9274","-29.81","83","0.19",,,
"1708895965.307",,"13714","-29.99","82","0.01",,,
"1708895965.308","-30","8888","-30.08",,,,,
"1708895965.309","-30","6378",,"82","-0.08",,,
"1708895965.31","-30",,"-29.96","83","0.04",,,
"1708895965.311","-30","9660","-29.94","82","0.06",,,
"1708895965.312","-30","9274","-29.97","83","0.03",,,
"1708895965.313","-30",,"-30.15","82","-0.15",,,
"1708895965.314","-30","4447","-30.12","83","-0.12",,,
"1708895965.315",,"5219","-30.1",,,,,
"1708895965.356",,,,"82",,,,
"1708895965.357",,,,,"-0.1",,,
"1708895965.358","-30","5992","-30.05",,,,,
"1708895965.359",,,,"82",,,,
"1708895965.36","-30","7150","-30.07","82","-0.05",,,
"1708895965.361",,,,,"-0.07",,,
"1708895965.396","-30","6764","-30.1",,,,,
"1708895965.397","-30",,,"83","-0.1",,,
"1708895965.398",,"5798","-29.97","82","0.03",,,
"1708895965.399","-30","9274","-30.02","82",,,,
"1708895965.401","-30","8115",,,"-0.02",,,
"1708895965.402",,,"-29.94","83",,,,
"1708895965.404","-30","10239",,,"0.06",,,
"1708895965.405",,,"-29.95","83",,,,
"1708895965.406","-30","9853","-29.94",,"0.05",,,
"1708895965.407","-30",,,"83","0.06",,,
"1708895965.408",,"10239","-29.87","83","0.13",,,
"1708895965.409","-30",,,,,,,
"1708895965.414","-30","11977","-30.1","82","-0.1",,,
"1708895965.415","-30","5799","-29.97","83","0.03",,,
"1708895965.416","-30","10239","-29.94","82","0.06",,,
"1708895965.417","-30","10046","-29.95","82","0.05",,,
"1708895965.418","-30","7150","-30.05","83","-0.05",,,
"1708895965.78",,,"-29.92",,,,,
"1708895965.781",,,,"83",,,,
"1708895965.782","-30",,,,"0.08",,,
"1708895965.783",,"10625",,,,,,
"1708895965.784",,,"-29.87",,,,,
"1708895965.785",,,,"83",,,,
"1708895965.786","-30","11977",,,"0.13",,,
"1708895965.787",,,"-29.94","82","0.06",,,
"1708895965.788","-30","10240","-30.02",,,,,
"1708895965.789","-30",,,"82","-0.02",,,
"1708895965.79",,"7923","-30.08",,,,,
"1708895965.791","-30","6378",,"82","-0.08",,,
"1708895965.792","-30",,"-30.09","82","-0.09",,,
"1708895965.793",,"6185","-30.02","82",,,,
"1708895965.794","-30","8116","-30.05",,"-0.02",,,
"1708895965.795","-30","7150",,"82","-0.05",,,
"1708895965.796","-30",,"-30.03","82","-0.03",,,
"1708895965.797",,"7729","-30.07","82","-0.07",,,
"1708895965.798","-30","6764","-30.03",,,,,
"1708895965.799","-30","7729",,"82","-0.03",,,
"1708895965.8","-30",,"-29.9","82","0.1",,,
"1708895965.801",,"11398","-29.82",,,,,
"1708895965.802","-30",,,"83","0.18",,,
"1708895965.803",,"13328","-29.92","83","0.08",,,
"1708895965.805","-30","10626","-29.78",,,,,
"1708895965.806","-30","14487",,"83","0.22",,,
"1708895965.807","-30","11784","-29.88","82","0.12",,,
"1708895965.808","-30","7730","-30.03","82","-0.03",,,
"1708895965.809","-30","11398","-29.9","83","0.1",,,
"1708895965.81","-30",,"-29.97","83","0.03",,,
"1708895965.811","-30","9468","-29.89","82","0.11",,,
"1708895965.812",,"11591","-29.92",,,,,
"1708895965.822",,,,"83",,,,
"1708895965.823","-30","10819","-30","82","0",,,
"1708895965.824","-30","8502","-29.95","82","0.05",,,
"1708895965.825","-30","10047","-29.97","83","0.03",,,
"1708895965.826","-30","9275","-29.95","83","0.05",,,
"1708895965.827","-30","9854","-30.02","82",,,,
"1708895965.828","-30","8116","-30.02","82","-0.02",,,
"1708895965.829","-30","8116","-30.12","83","-0.12",,,
"1708895965.83","-30","5220","-30.05","82","-0.05",,,
"1708895965.831","-30","7151","-30.02","82","-0.02",,,
"1708895965.832","-30","8116","-30.22","82","-0.22",,,
"1708895965.833","-30","2710","-30.02","82","-0.02",,,
"1708895965.834","-30","7923","-30.04","82","-0.04",,,
"1708895965.835","-30","7537","-30.02","82","-0.02",,,
"1708895965.836","-30","7923","-30.02","82","-0.02",,,
"1708895965.837",,"7923","-29.98","82","0.02",,,
"1708895965.838","-30","9081","-29.97","82",,,,
"1708895965.839","-30","9274","-30.01","82","0.03",,,
"1708895965.84","-30","8309","-29.96","83","-0.01",,,
"1708895965.841","-30","9661","-29.87","82","0.04",,,
"1708895965.842","-30","11977","-29.95",,"0.13",,,
"1708895965.843","-30","10047","-29.94","82","0.05",,,
"1708895965.844","-30",,,"82","0.06",,,
"1708895965.845","-30","5992","-30.1","82","-0.1",,,
"1708895965.846",,,"-29.99","83","0.01",,,
"1708895965.85","-30","8888",,,,,,
"1708895965.851","-30",,"-29.95","83","0.05",,,
"1708895966.293",,"9854",,,,,,
"1708895966.294",,,"-29.98","82","0.02",,,
"1708895966.295","-30","9082","-29.93",,,,,
"1708895966.296",,,,"82","0.07",,,
"1708895966.297","-30","10433",,,,,,
"1708895966.298",,,"-29.93","83","0.07",,,
"1708895966.299","-30","10433","-29.99",,,,,
"1708895966.3",,,,"83","0.01",,,
"1708895966.301","-30","8889",,,,,,
"1708895966.302",,,"-30.02","82",,,,
"1708895966.303","-30",,,,"-0.02",,,
"1708895966.304",,"7923",,,,,,
"1708895966.305",,,"-30.12","82",,,,
"1708895966.309",,,,,"-0.12",,,
"1708895966.31","-30","5220",,,,,,
"1708895966.311",,,"-30.2","82",,,,
"1708895966.312","-30","3289",,,"-0.2",,,
"1708895966.313",,,"-30.05","82",,,,
"1708895966.314",,,,,"-0.05",,,
"1708895966.317","-30","7151",,,,,,
"1708895966.318",,,"-30.09","82",,,,
"1708895966.319","-30","6185","-30",,"-0.09",,,
"1708895966.32",,,,"83","0",,,
"1708895966.321","-30","8695","-30.02",,,,,
"1708895966.322","-30","7923",,"82","-0.02",,,
"1708895966.323",,,"-29.9",,,,,
"1708895966.324","-30",,,"82","0.1",,,
"1708895966.325",,"11205","-29.98","83",,,,
"1708895966.332","-30","9081","-30.04",,"0.02",,,
"1708895966.333","-30","7537","-29.89","82","0.11",,,
"1708895966.334","-30","11591","-29.96","83","0.04",,,
"1708895966.335","-30","10240","-29.94","82","0.06",,,
"1708895966.336","-30","9081","-29.98","83","0.02",,,
"1708895966.337","-30","10047","-29.9","82","0.1",,,
"1708895966.338","-30","11012","-29.91","83","0.09",,,
"1708895966.339","-30",,"-29.96","83","0.04",,,
"1708895966.34","-30","9661","-30.15","82","-0.15",,,
"1708895966.341","-30","4641","-30.15","82","-0.15",,,
"1708895966.342","-30","2903","-30.08","82","-0.08",,,
"1708895966.343","-30","8309","-30.04","82","-0.04",,,
"1708895966.344","-30","7150","-30.05","83","-0.05",,,
"1708895966.345","-30","7730","-30.03","82","-0.03",,,
"1708895966.346","-30","11205","-29.9","82","0.1",,,
"1708895966.347","-30","11977","-29.99","82","0.01",,,
"1708895966.348","-30","10626","-29.92","83","0.08",,,
"1708895966.349","-30","8502","-30","82","0",,,
"1708895966.35","-30",,"-29.83","82","0.17",,,
"1708895966.351","-30","9854","-29.95","82","0.05",,,
"1708895966.352","-30",,"-30","83","0",,,
"1708895966.353","-30","8695","-30.05","82","-0.05",,,
"1708895966.354",,"7344","-30.08","82","-0.08",,,
"1708895966.355","-30","6378","-30.04","82",,,,
"1708895966.356","-30","7537","-30.12",,"-0.04",,,
"1708895966.357","-30","5413","-30.1","82","-0.12",,,
"1708895966.358","-30","5799","-30.05","82","-0.1",,,
"1708895966.359","-30","7151","-29.95","82","-0.05",,,
"1708895966.36","-30",,,,"0.05",,,
"1708895966.805",,"10047",,,,,,
"1708895966.806","-30","9274","-29.97","83","0.03",,,
"1708895966.807",,,"-29.91","83","0.09",,,
"1708895966.808","-30","11012","-29.94","82","0.06",,,
"1708895966.809","-30","10240","-29.92",,,,,
"1708895966.81","-30","10626",,"83","0.08",,,
"1708895966.811","-30",,"-29.91","83","0.09",,,
"1708895966.812",,"11012","-29.92","83","0.08",,,
"1708895966.813","-30","10819","-29.95","82",,,,
"1708895966.814","-30","10047","-29.95",,"0.05",,,
"1708895966.815","-30",,,"83","0.05",,,
"1708895966.816",,"9854","-29.94","82",,,,
"1708895966.817","-30","10240",,,"0.06",,,
"1708895966.824","-30","10047","-29.95","82","0.05",,,
"1708895966.825",,,"-29.92","82",,,,
"1708895966.826","-30","10626","-29.89",,"0.08",,,
"1708895966.827","-30","11592","-29.9","83","0.11",,,
"1708895966.828","-30","11399","-30.02","82","-0.02",,,
"1708895966.829","-30","7731","-30.03","82","-0.03",,,
"1708895966.83","-30","8117","-30.02","82","-0.02",,,
"1708895966.831","-30","6765","-30.12","82","-0.07",,,
"1708895966.832","-30","5413","-30.09","82","-0.09",,,
"1708895966.833","-30","6186","-30.15","83",,,,
"1708895966.834","-30","4641","-30.12","82","-0.12",,,
"1708895966.835","-30","5413","-30.06","82","-0.06",,,
"1708895966.836","-30","6378","-29.91","82","-0.08",,,
"1708895966.837","-30",,,"83","0.09",,,
"1708895966.844",,"11012",,,,,,
"1708895966.847",,,"-29.97",,,,,
"1708895966.848","-30",,,"83","0.03",,,
"1708895966.849",,"9275","-29.94",,,,,
"1708895966.85","-30",,,"82","0.06",,,
"1708895966.851",,"10240","-29.98",,,,,
"1708895966.852",,,,"83",,,,
"1708895966.853","-30",,,,"0.02",,,
"1708895966.854",,"9082","-29.93",,,,,
"1708895966.855",,,,"83","0.07",,,
"1708895966.856","-30","10433","-30.05",,,,,
"1708895966.857",,,,"82","-0.05",,,
"1708895966.859","-30",,,,,,,
"1708895966.86",,"7344",,,,,,
"1708895966.862",,,"-29.97","83",,,,
"1708895966.863","-30",,,,"0.03",,,
"1708895966.864",,"9275","-29.92",,,,,
"1708895966.865",,,,"83",,,,
"1708895966.866","-30","10819","-29.92","82","0.08",,,
"1708895966.867","-30","10626",,,"0.08",,,
"1708895966.88","-30",,"-29.96","83","0.04",,,
"1708895966.881","-30","9661","-29.92","82","0.08",,,
"1708895966.882",,"10626","-29.96","82",,,,
"1708895966.883","-30","9661","-30.05",,"0.04",,,
"1708895966.884","-30","7344",,"82","-0.05",,,
"1708895966.885","-30",,"-30.08","82","-0.08",,,
"1708895966.886","-30","6379","-30.1","82","-0.1",,,
"1708895966.887",,"5993","-30.13",,,,,
"1708895966.926",,,,"82",,,,
"1708895966.927",,,,,"-0.13",,,
"1708895966.928","-30",,,,,,,
"1708895966.929",,"5027","-30.12",,,,,
"1708895966.93","-30","5220",,"82","-0.12",,,
"1708895966.932",,,"-30.07",,,,,
"1708895966.933","-30","6765",,"82","-0.07",,,
"1708895966.934",,,"-30","83","0",,,
"1708895966.935","-30","8502","-30.03",,,,,
"1708895966.936","-30",,,"82","-0.03",,,
"1708895966.937",,"7730",,,,,,
"1708895966.938",,,"-30","82",,,,
"1708895966.939","-30","8695",,,"0",,,
"1708895966.94",,,"-29.9","83",,,,
"1708895966.941",,,,,"0.1",,,
"1708895967.318","-30","11205","-29.87","82","0.13",,,
"1708895967.319","-30","12170","-29.97","83","0.03",,,
"1708895967.32","-30","9275","-29.96","82",,,,
"1708895967.321","-30","9661","-29.99","82","0.04",,,
"1708895967.322","-30","8889","-29.92",,"0.01",,,
"1708895967.323","-30","10819","-30","82","0.08",,,
"1708895967.324",,,,"83",,,,
"1708895967.325","-30",,,,"0",,,
"1708895967.326","-30","8696","-29.99","82","0.01",,,
"1708895967.327","-30","8889","-30.08","82","-0.08",,,
"1708895967.328",,"6379","-30.13","82","-0.13",,,
"1708895967.329","-30","5027","-30.08","82",,,,
"1708895967.33","-30","6379",,,"-0.08",,,
"1708895967.331",,,"-30.07","82","-0.07",,,
"1708895967.332","-30","6765",,,,,,
"1708895967.34","-30","8309","-29.98","82","-0.01",,,
"1708895967.341",,,,"82","0.02",,,
"1708895967.342","-30","9081","-30.07",,,,,
"1708895967.343","-30","6571",,"82","-0.07",,,
"1708895967.344","-30",,"-29.88","83","0.12",,,
"1708895967.345",,"11784","-29.9","83","0.1",,,
"1708895967.346","-30","11398","-30.01",,,,,
"1708895967.347","-30","8309",,"82","-0.01",,,
"1708895967.348",,,"-29.95","82","0.05",,,
"1708895967.349","-30","10047","-29.91","83","0.09",,,
"1708895967.35","-30","11012","-29.96",,,,,
"1708895967.351","-30","9661",,"83","0.04",,,
"1708895967.352",,,"-30.05","82",,,,
"1708895967.353","-30","7344",,,"-0.05",,,
"1708895967.354","-30",,"-29.87","83","0.13",,,
"1708895967.355",,"11978","-29.98","83","0.02",,,
"1708895967.356","-30","9082","-29.95",,,,,
"1708895967.357","-30",,,"83","0.05",,,
"1708895967.358",,"9854","-30.05","82","-0.05",,,
"1708895967.359","-30","7151","-30.07",,,,,
"1708895967.36","-30",,,"82","-0.07",,,
"1708895967.361",,"6765","-30.11","82","-0.11",,,
"1708895967.362","-30","5606","-30.12",,,,,
"1708895967.363","-30","5220",,"83","-0.12",,,
"1708895967.364",,,"-30.1","82","-0.1",,,
"1708895967.367","-30",,,,,,,
"1708895967.368",,"5992","-29.95","83",,,,
"1708895967.369","-30",,,,"0.05",,,
"1708895967.37",,"9854","-30.05","82",,,,
"1708895967.371","-30","7344",,,"-0.05",,,
"1708895967.375",,,"-29.91",,,,,
"1708895967.376","-30",,,"83","0.09",,,
"1708895967.377",,"11012","-29.94","82",,,,
"1708895967.378","-30",,,,"0.06",,,
"1708895967.379",,"10240","-29.97","83",,,,
"1708895967.38","-30",,,,"0.03",,,
"1708895967.381",,"9275",,,,,,
"1708895967.382","-30","7344","-30.05","82","-0.05",,,
"1708895967.383",,,"-30","83","0",,,
"1708895967.384","-30","8695","-30.01",,,,,
"1708895967.385","-30",,,"82","-0.01",,,
"1708895967.386",,"8309","-29.97","82",,,,
"1708895967.387","-30","9468",,,"0.03",,,
"1708895967.388","-30",,"-29.95","83","0.05",,,
"1708895967.389",,"9854","-30","82","0",,,
"1708895967.39","-30","8695","-30",,,,,
"1708895967.392","-30","8695",,"83","0",,,
"1708895967.393",,,"-30.06","82","-0.06",,,
"1708895967.394","-30","6958","-30.17",,,,,
"1708895967.395","-30","4061",,"82","-0.17",,,
"1708895967.396",,,"-30.12","82",,,,
"1708895967.397","-30","5413","-30.15",,"-0.12",,,
"1708895967.398",,,,"82","-0.15",,,
"1708895967.83","-30","4641",,,,,,
"1708895967.831","-30","5992","-30.01","82","-0.1",,,
"1708895967.832","-30","8309","-29.94",,"-0.01",,,
"1708895967.833","-30","10240",,"83","0.06",,,
"1708895967.834","-30","7537","-30.02","82","-0.04",,,
"1708895967.835","-30","7923",,"82","-0.02",,,
"1708895967.836","-30","8502","-30","82","0",,,
"1708895967.837","-30","8309","-29.95","82","-0.01",,,
"1708895967.838","-30","9853",,"83","0.05",,,
"1708895967.839","-30","7343","-30.05","82","-0.05",,,
"1708895967.84","-30",,"-30","83","0",,,
"1708895967.841","-30","8695","-30.01","82","-0.01",,,
"1708895967.842",,"8309",,,,,,
"1708895967.843",,,"-30.05","82","-0.05",,,
"1708895967.844","-30","7150","-30.12","82",,,,
"1708895967.845","-30","5413","-30.1",,"-0.12",,,
"1708895967.846","-30","5799","-30.06","82","-0.1",,,
"1708895967.855",,,,,"-0.06",,,
"1708895967.856","-30","9274","-29.97","83","0.03",,,
"1708895967.857",,,"-30.05","82","-0.05",,,
"1708895967.858","-30",,,,,,,
"1708895967.859",,"7150","-30.02","82",,,,
"1708895967.86","-30","7922",,,"-0.02",,,
"1708895967.861","-30","8888","-29.99","83","0.01",,,
"1708895967.862","-30","9660","-29.96","83","0.04",,,
"1708895967.863","-30","9853","-29.95","82","0.05",,,
"1708895967.864","-30","10818","-29.92","82","0.08",,,
"1708895967.865","-30",,"-30","83","0",,,
"1708895967.866","-30","8695","-30","82","0",,,
"1708895967.867","-30","8695","-30","82","0",,,
"1708895967.868","-30","8695","-30.02","82","-0.02",,,
"1708895967.869","-30","8116","-30.11","83","-0.11",,,
"1708895967.87","-30","5606","-30.08","82","-0.08",,,
"1708895967.871",,"6378","-30.08","82","-0.08",,,
"1708895967.872","-30","6378","-30.02",,,,,
"1708895967.873","-30","8115",,"82","-0.02",,,
"1708895967.874","-30","8695","-30","83","0",,,
"1708895967.875",,,"-29.97","83","0.03",,,
"1708895967.876","-30","9467","-30","82","0",,,
"1708895967.877","-30","8502","-29.97","83",,,,
"1708895967.878","-30","9467","-30.07","82","0.03",,,
"1708895967.879","-30","6764","-29.87",,"-0.07",,,
"1708895967.88","-30","12170","-30","82","0.13",,,
"1708895967.881","-30","8502","-30.01","82","0",,,
"1708895967.882","-30","8309",,"82","-0.01",,,
"1708895967.883","-30","9081","-29.98","82","0.02",,,
"1708895967.884","-30","8695","-30","83","0",,,
"1708895967.885","-30","7343","-30.05","82","-0.05",,,
"1708895967.886","-30","4640","-30.15","82","-0.15",,,
"1708895967.887","-30","6957","-30","82","-0.06",,,
"1708895967.888","-30","8501",,"82","0",,,
"1708895967.889",,,"-30.1","82","-0.1",,,
"1708895968.344","-30","5798","-30","82",,,,
"1708895968.345",,,,,"0",,,
"1708895968.346","-30","8501",,,,,,
"1708895968.347",,,"-29.92","82",,,,
"1708895968.348",,,,,"0.08",,,
"1708895968.349","-30","10818",,,,,,
"1708895968.35","-30",,"-30","82","0",,,
"1708895968.351",,"8501","-30",,,,,
"1708895968.352",,,,"82","0",,,
"1708895968.353","-30","8501",,,,,,
"1708895968.354",,,"-29.87","83",,,,
"1708895968.355",,,,,"0.13",,,
"1708895968.356","-30","11976",,,,,,
"1708895968.357",,,"-29.94","83",,,,
"1708895968.358",,,,,"0.06",,,
"1708895968.361","-30","10239","-29.93",,,,,
"1708895968.362",,,,"83",,,,
"1708895968.363",,,,,"0.07",,,
"1708895968.364","-30","10432","-30.05",,,,,
"1708895968.365","-30","7150",,"82","-0.05",,,
"1708895968.366",,,"-30.04","82",,,,
"1708895968.367","-30",,,,"-0.04",,,
"1708895968.372","-30","7150","-30.15","82","-0.05",,,
"1708895968.373","-30","4640","-30.19","83","-0.15",,,
"1708895968.374","-30","3481","-30.12","83","-0.19",,,
"1708895968.375","-30","5412","-29.9","83","-0.12",,,
"1708895968.376","-30","11397","-29.93","82","0.1",,,
"1708895968.377","-30",,,,"0.07",,,
"1708895968.378","-30","10432","-29.94","83","0.07",,,
"1708895968.379","-30","10239","-30.02","82","0.06",,,
"1708895968.38","-30","8115","-30.03","82","-0.03",,,
"1708895968.381","-30","7922","-30.02","82","-0.02",,,
"1708895968.382","-30",,"-29.95","83","0.05",,,
"1708895968.383","-30","8501","-30","83","0",,,
"1708895968.384","-30","8694","-30.11","83","-0.11",,,
"1708895968.385","-30","5605","-30.11","82","-0.11",,,
"1708895968.386","-30","5219","-30","82","-0.12",,,
"1708895968.387","-30","7343","-30.05","82","-0.05",,,
"1708895968.388","-30","9466","-29.97","82","0.03",,,
"1708895968.389","-30",,"-30.06","82","-0.06",,,
"1708895968.39","-30","8694","-29.94","83","0",,,
"1708895968.391","-30","9466","-29.97","82","0.03",,,
"1708895968.392","-30","10625","-30.02","82","0.08",,,
"1708895968.393","-30","7922","-30.13",,"-0.02",,,
"1708895968.394","-30","5026",,"83","-0.13",,,
"1708895968.395","-30","6570","-30.07","82","-0.07",,,
"1708895968.396","-30","4060","-30.07","82","-0.17",,,
"1708895968.397","-30","6763","-30.15","82","-0.07",,,
"1708895968.398","-30","4639",,"83","-0.15",,,
"1708895968.399","-30","9273","-29.97","83","0.03",,,
"1708895968.4","-30","8114","-30.02","82","-0.02",,,
"1708895968.401","-30","9466","-29.97","83","0.03",,,
"1708895968.402","-30","10431","-29.93","83","0.07",,,
"1708895968.403",,,"-29.88","83","0.12",,,
"1708895968.855","-30","11783","-29.94",,,,,
"1708895968.856","-30","10238","-30.02","82","0.06",,,
"1708895968.857","-30","8115","-30.02",,"-0.02",,,
"1708895968.858","-30","8115","-30.08","82","-0.02",,,
"1708895968.859","-30","6377",,"82","-0.08",,,
"1708895968.86","-30","7149","-30.05","82","-0.05",,,
"1708895968.861","-30",,"-30.1","82","-0.1",,,
"1708895968.862","-30","5991","-30.07","83","-0.07",,,
"1708895968.863",,"6570","-30.2","82","-0.2",,,
"1708895968.864","-30","3287","-30.07","82","-0.07",,,
"1708895968.865",,"6570","-29.95","82","0.05",,,
"1708895968.866","-30","10045","-30.06","82","-0.06",,,
"1708895968.867","-30","6956","-29.92","82","0.08",,,
"1708895968.868",,"10624","-30.02","82",,,,
"1708895968.875","-30",,,,"-0.02",,,
"1708895968.876","-30","8114","-30","83","0",,,
"1708895968.877","-30","8693","-29.93","82","0.07",,,
"1708895968.878",,"10431","-29.92","83","0.08",,,
"1708895968.879","-30","10624","-29.96","82",,,,
"1708895968.88","-30",,,,"0.04",,,
"1708895968.883",,"9659","-30",,,,,
"1708895968.884","-30","8501",,"82","0",,,
"1708895968.885",,,"-30.15","83",,,,
"1708895968.886","-30","4639",,,"-0.15",,,
"1708895968.887","-30",,"-30.03","83","-0.03",,,
"1708895968.888",,"7728","-29.99",,,,,
"1708895968.889","-30",,,"82","0.01",,,
"1708895968.89",,"8887","-30.04","82",,,,
"1708895968.891","-30","7535",,,"-0.04",,,
"1708895968.892",,,"-30.11","82","-0.11",,,
"1708895968.893","-30","5604",,,,,,
"1708895968.894",,,"-30.08","82",,,,
"1708895968.895","-30","6376",,,"-0.08",,,
"1708895968.896",,,"-30","82","0",,,
"1708895968.897","-30","8500",,,,,,
"1708895968.898",,,"-30.1",,,,,
"1708895968.899","-30",,,"82","-0.1",,,
"1708895968.9",,"5990","-29.89","82","0.11",,,
"1708895968.901","-30","11589","-30.05","82",,,,
"1708895968.902","-30","7342","-29.96","83","-0.05",,,
"1708895968.903","-30","9659","-30.05",,"0.04",,,
"1708895968.904","-30","7149",,"82","-0.05",,,
"1708895968.905","-30","10624","-29.92","83","0.08",,,
"1708895968.906","-30","11396","-29.9","83","0.1",,,
"1708895968.907","-30","10817","-29.92","83","0.08",,,
"1708895968.908","-30","10624","-30.04","82","0.08",,,
"1708895968.909","-30","7535","-29.94","82","-0.04",,,
"1708895968.91","-30","10238","-30","82","0.06",,,
"1708895968.911",,,,"83",,,,
"1708895968.912","-30","8694",,,"0",,,
"1708895968.913","-30",,"-30.02","82","-0.02",,,
"1708895968.914","-30","8114","-30.09","82","-0.09",,,
"1708895968.915","-30","6184","-30.06","82","-0.06",,,
"1708895968.916","-30","6956","-30.11","82","-0.11",,,
"1708895968.917","-30","5604","-30.02","82","-0.02",,,
"1708895968.918","-30","7921","-30.05","83","-0.05",,,
"1708895968.919","-30","7149","-30.08","82","-0.08",,,
"1708895968.92",,"6376","-30.02","82","-0.02",,,
"1708895969.368","-30",,,,,,,
"1708895969.369",,"7921","-30.02","82",,,,
"1708895969.37",,,,,"-0.02",,,
"1708895969.371","-30",,,,,,,
"1708895969.372",,"8114",,,,,,
"1708895969.373",,,"-29.97","83",,,,
"1708895969.374",,,,,"0.03",,,
"1708895969.375","-30","9465",,,,,,
"1708895969.376",,,"-29.92",,,,,
"1708895969.377",,,,"82","0.08",,,
"1708895969.378","-30","10624",,,,,,
"1708895969.379",,,"-29.95",,,,,
"1708895969.38",,,,"83",,,,
"1708895969.382","-30",,,,"0.05",,,
"1708895969.383",,"10045","-29.98",,,,,
"1708895969.384",,,,"83",,,,
"1708895969.385",,,,,"0.02",,,
"1708895969.386","-30","9079",,,,,,
"1708895969.387",,,"-29.95",,,,,
"1708895969.388",,,,"83",,,,
"1708895969.389","-30",,,,"0.05",,,
"1708895969.39",,"9852","-29.97",,,,,
"1708895969.391",,,,"83","0.03",,,
"1708895969.392","-30","9466","-29.95",,,,,
"1708895969.393",,,,"82","0.05",,,
"1708895969.394","-30","9852","-30.09",,,,,
"1708895969.405","-30","6183",,"82","-0.09",,,
"1708895969.406",,,"-29.96","83","0.04",,,
"1708895969.407","-30","9659","-29.99","83","0.01",,,
"1708895969.408","-30","8886","-29.93","83",,,,
"1708895969.409","-30","10431","-29.95","83","0.07",,,
"1708895969.41","-30","9852","-30.13","82","-0.13",,,
"1708895969.411","-30","5025","-30.02","82","-0.02",,,
"1708895969.412","-30","5218","-30.05","83","-0.12",,,
"1708895969.413","-30","7149","-30.07","82","-0.05",,,
"1708895969.414","-30","6569","-30.06","83","-0.07",,,
"1708895969.415","-30","6955","-30.05","82","-0.05",,,
"1708895969.416","-30","7148","-30","83",,,,
"1708895969.417","-30","8693","-29.95","82","0",,,
"1708895969.418","-30","9851",,,"0.05",,,
"1708895969.421",,,"-29.93","83",,,,
"1708895969.422","-30","10431",,,"0.07",,,
"1708895969.423",,,"-29.96","83","0.04",,,
"1708895969.424","-30","9658","-30.01",,,,,
"1708895969.425",,,,"82","-0.01",,,
"1708895969.426","-30","8307","-30",,,,,
"1708895969.427",,,,"82","0",,,
"1708895969.428","-30","8500","-29.99",,,,,
"1708895969.429","-30",,,"83","0.01",,,
"1708895969.43",,"8886","-29.96",,,,,
"1708895969.431","-30",,,"83","0.04",,,
"1708895969.432",,"9658","-30.05",,,,,
"1708895969.433",,,,"82","-0.05",,,
"1708895969.434","-30","7149",,,,,,
"1708895969.435","-30",,"-30.12","82","-0.12",,,
"1708895969.436",,"5218",,,,,,
"1708895969.437",,,"-30.05","82",,,,
"1708895969.438","-30","7148","-30.07",,"-0.05",,,
"1708895969.439","-30","6762",,"82","-0.07",,,
"1708895969.44","-30",,"-30.18","83","-0.18",,,
"1708895969.441","-30","3673","-30.12","83","-0.12",,,
"1708895969.442",,"5410","-29.99","83","0.01",,,
"1708895969.443","-30","8886","-30.1","82","-0.1",,,
"1708895969.444","-30","5990","-30.07","82","-0.07",,,
"1708895969.445","-30","6569","-29.98","82","0.02",,,
"1708895969.447","-30","9079","-29.89","82",,,,
"1708895969.448","-30","11588","-29.89","83","0.11",,,
"1708895969.449","-30","11589","-30.04","82","0.11",,,
"1708895969.45","-30","7534","-29.95","82","-0.04",,,
"1708895969.451","-30","10044","-29.92","83","0.05",,,
"1708895969.452","-30","10623","-30.02","82","0.08",,,
"1708895969.453","-30","8114","-30.05","82","-0.02",,,
"1708895969.454",,,,,"-0.05",,,
"1708895969.88","-30",,,,,,,
"1708895969.881",,"7148","-30.02","82",,,,
"1708895969.882","-30","7920","-30.1",,"-0.02",,,
"1708895969.883","-30",,,"82","-0.1",,,
"1708895969.884",,"5990","-30.09","82","-0.09",,,
"1708895969.885","-30","6183","-30.07",,,,,
"1708895969.886","-30",,,"82","-0.07",,,
"1708895969.887",,"6569","-30.05","82",,,,
"1708895969.888","-30",,,,"-0.05",,,
"1708895969.889",,"7148","-29.99","82",,,,
"1708895969.89","-30","8886",,,"0.01",,,
"1708895969.891",,,"-29.92","82","0.08",,,
"1708895969.892","-30","10816","-29.91",,,,,
"1708895969.893","-30",,,"83","0.09",,,
"1708895969.894",,"11009","-29.97","83",,,,
"1708895969.895","-30","9272",,,"0.03",,,
"1708895969.896",,,"-30.07","82","-0.07",,,
"1708895969.897","-30","6762",,,,,,
"1708895969.898",,,"-29.96","82","0.04",,,
"1708895969.899","-30","9658","-29.94",,,,,
"1708895969.9","-30",,,"82","0.06",,,
"1708895969.901",,"10237","-29.92","83",,,,
"1708895969.902","-30","10623",,,"0.08",,,
"1708895969.908","-30",,"-30.05","82","-0.05",,,
"1708895969.909",,"7148","-30.07","82",,,,
"1708895969.91","-30","6569","-30.09",,"-0.07",,,
"1708895969.911","-30","6183",,"82","-0.09",,,
"1708895969.912",,,"-30.2","82","-0.2",,,
"1708895969.913","-30","3093","-30.05","82","-0.05",,,
"1708895969.914","-30","7148","-30.09",,,,,
"1708895969.915","-30",,,"82","-0.09",,,
"1708895969.916","-30","6182","-29.96","83","0.04",,,
"1708895969.917","-30","9658","-29.96","83","0.04",,,
"1708895969.918","-30","9658","-29.95","83","0.05",,,
"1708895969.919","-30","8692","-29.92","83","0.08",,,
"1708895969.92","-30","8692","-30.02","82","-0.02",,,
"1708895969.921","-30","9272","-29.99","83","0.03",,,
"1708895969.922","-30","7727","-30.1","82","-0.03",,,
"1708895969.923","-30","5217","-30.2","82","-0.12",,,
"1708895969.924","-30","8692","-30.07","83","0",,,
"1708895969.925","-30","10044","-29.95","82","0.05",,,
"1708895969.926","-30","9464","-29.92","83","0.08",,,
"1708895969.927","-30","8692","-29.99","82","0.01",,,
"1708895969.962","-30",,,,,,,
"1708895969.963",,"8885","-29.97",,,,,
"1708895969.966",,,,"82",,,,
"1708895970.011","-30","9464","-29.96",,"0.03",,,
"1708895970.012","-30",,,"82","0.04",,,
"1708895970.013","-30","9658","-29.98","82","0.02",,,
"1708895970.014",,"9078","-29.96",,,,,
"1708895970.016",,,,"83",,,,
"1708895970.017","-30",,,,"0.04",,,
"1708895970.018",,"9658","-29.97",,,,,
"1708895970.019",,,,"83","0.03",,,
"1708895970.02","-30","9272",,,,,,
"1708895970.021",,,"-30.03",,,,,
"1708895970.022",,,,"82","-0.03",,,
"1708895970.393","-30","7727",,,,,,
"1708895970.394",,,"-30.09","82",,,,
"1708895970.395","-30","6182",,,"-0.09",,,
"1708895970.396","-30","6375","-30.03","82","-0.08",,,
"1708895970.397","-30","7727","-30.09","82","-0.03",,,
"1708895970.398","-30",,,"82","-0.09",,,
"1708895970.399",,"6182","-30.12","82",,,,
"1708895970.4",,,,,"-0.12",,,
"1708895970.401","-30","5410","-30.04","82",,,,
"1708895970.402","-30","7534",,,"-0.04",,,
"1708895970.403","-30",,"-30.11","82","-0.11",,,
"1708895970.404",,"5603","-29.98","83",,,,
"1708895970.405","-30","9078",,,"0.02",,,
"1708895970.406",,,"-30.04","82",,,,
"1708895970.407","-30","7533","-29.95","82","-0.04",,,
"1708895970.408","-30","10043","-30",,"0.05",,,
"1708895970.409","-30","8499","-29.92","82","0",,,
"1708895970.41","-30","10816","-30","83","0.08",,,
"1708895970.411","-30","8692",,"83","0",,,
"1708895970.412","-30","8113","-30.02","82","-0.02",,,
"1708895970.413",,,"-29.97","83","0.03",,,
"1708895970.414","-30","9271","-29.96",,,,,
"1708895970.416",,,,"83",,,,
"1708895970.417","-30","9657","-29.97",,"0.04",,,
"1708895970.418","-30","9464","-30","82","0.03",,,
"1708895970.419","-30","8692","-30.02","83","0",,,
"1708895970.42","-30","8113",,"82","-0.02",,,
"1708895970.421",,,"-29.95","82","0.05",,,
"1708895970.422","-30","10043","-30.04","82",,,,
"1708895970.423","-30","7534",,,"-0.04",,,
"1708895970.424","-30","6954","-30.06","82","-0.06",,,
"1708895970.425","-30",,"-30.07","82","-0.07",,,
"1708895970.426","-30","6761","-30.1","83","-0.1",,,
"1708895970.427","-30","5796","-29.99","83","0.01",,,
"1708895970.428","-30","8885","-30.1","82","-0.1",,,
"1708895970.429",,"5989","-29.97","83",,,,
"1708895970.43","-30","9271","-29.91",,"0.03",,,
"1708895970.431","-30",,,"83","0.09",,,
"1708895970.432",,"11009","-29.95","83","0.05",,,
"1708895970.433","-30","9850","-30.02","82","-0.02",,,
"1708895970.434","-30",,,,,,,
"1708895970.435",,"8113",,,,,,
"1708895970.437",,,"-30.09",,,,,
"1708895970.438",,,,"82",,,,
"1708895970.439","-30","6182",,,"-0.09",,,
"1708895970.44",,,"-29.97","83","0.03",,,
"1708895970.441","-30","9271","-29.99","83","0.01",,,
"1708895970.442","-30","8885","-29.88","83","0.12",,,
"1708895970.443","-30","11781","-29.94",,,,,
"1708895970.444",,,,"82","0.06",,,
"1708895970.445","-30","10236","-29.88","83",,,,
"1708895970.446","-30","11781","-29.92",,"0.12",,,
"1708895970.447","-30","10623","-29.98","83","0.08",,,
"1708895970.448","-30",,,"83","0.02",,,
"1708895970.449",,"9078",,,,,,
"1708895970.45","-30",,"-30.05","82","-0.05",,,
"1708895970.451",,"7341","-30.07","82",,,,
"1708895970.452","-30","6568","-30.06",,"-0.07",,,
"1708895970.453","-30","6954",,"82","-0.06",,,
"1708895970.454","-30",,"-30.1","82","-0.1",,,
"1708895970.455",,"5989","-30.07",,,,,
"1708895970.462",,,,"83","-0.07",,,
"1708895970.463","-30",,,,,,,
"1708895970.464",,"6568","-30.07","82",,,,
"1708895970.466","-30",,,,"-0.07",,,
"1708895970.467",,"6568","-30.01","82",,,,
"1708895970.468",,,,,"-0.01",,,
"1708895970.905","-30","8306",,,,,,
"1708895970.906",,,"-30.04","82","-0.04",,,
"1708895970.907","-30",,,,,,,
"1708895970.909",,"7533","-30.04",,,,,
"1708895970.91",,,,"82",,,,
"1708895970.911","-30",,,,"-0.04",,,
"1708895970.912",,"7533","-29.9",,,,,
"1708895970.913",,,,"83","0.1",,,
"1708895970.914","-30","11395","-30.05",,,,,
"1708895970.915",,,,"82",,,,
"1708895970.916",,,,,"-0.05",,,
"1708895970.917","-30","7340",,,,,,
"1708895970.918",,,"-29.95","83","0.05",,,
"1708895970.919","-30","9850",,,,,,
"1708895970.92",,,"-29.95","82",,,,
"1708895970.921","-30","10043",,,"0.05",,,
"1708895970.922",,,"-30.02","82",,,,
"1708895970.923","-30",,,,"-0.02",,,
"1708895970.924",,"7920",,,,,,
"1708895970.925",,,"-29.94","82",,,,
"1708895970.926","-30",,,,"0.06",,,
"1708895970.927",,"10236","-29.94",,,,,
"1708895970.928",,,,"83",,,,
"1708895970.929","-30",,,,"0.06",,,
"1708895970.93",,"10236","-30.02",,,,,
"1708895970.931",,,,"82",,,,
"1708895970.934","-30",,,,"-0.02",,,
"1708895970.935",,"8113","-30.02",,,,,
"1708895970.936",,,,"82","-0.02",,,
"1708895970.942","-30",,,,,,,
"1708895970.944",,"8113",,,,,,
"1708895970.945",,,"-30.1",,,,,
"1708895970.946",,,,"82","-0.1",,,
"1708895970.947","-30","5989","-30.03",,,,,
"1708895970.954","-30","7726","-30.09","82","-0.03",,,
"1708895970.955","-30","6182","-30.1","82","-0.09",,,
"1708895970.956","-30","5989","-30.05","82","-0.1",,,
"1708895970.957","-30","7340","-30.08",,"-0.05",,,
"1708895970.958","-30","6375","-30.02","82","-0.08",,,
"1708895970.959","-30","7919","-30.01","82","-0.02",,,
"1708895970.96","-30","8305","-30.02","82","-0.01",,,
"1708895970.961","-30","7919",,,"-0.02",,,
"1708895970.962","-30",,"-29.95","83","0.05",,,
"1708895970.963","-30","9850","-29.93","83","0.07",,,
"1708895970.964","-30","10429","-29.98","82","0.02",,,
"1708895970.965","-30","9078","-29.97","83","0.03",,,
"1708895970.966",,"9464","-30.04",,,,,
"1708895970.967","-30",,,"82","-0.04",,,
"1708895970.968","-30","7533","-29.99","83","0.01",,,
"1708895970.969","-30","8885","-30.07","82","-0.07",,,
"1708895970.97",,"6761","-30.01","82","-0.01",,,
"1708895970.971","-30","8305","-30.13","83",,,,
"1708895970.972","-30","5023","-30.08","82","-0.13",,,
"1708895970.973","-30","6375","-30.07","83","-0.08",,,
"1708895970.974","-30","6568","-30.13","82","-0.07",,,
"1708895970.975","-30","5023","-30.06","82","-0.13",,,
"1708895970.976","-30","6954","-30","83","-0.06",,,
"1708895970.977","-30","8691","-29.95","83","0",,,
"1708895970.978","-30","9850","-30.02","82","0.05",,,
"1708895970.979","-30","8112","-30.02","82","-0.02",,,
"1708895970.98","-30","7919","-29.99","82","-0.02",,,
"1708895970.981","-30","8884","-29.99","83","0.01",,,
"1708895970.982","-30","8884","-29.95",,"0.01",,,
"1708895970.983","-30","9850",,"83","0.05",,,
"1708895970.984","-30",,"-30","82","0",,,
"1708895970.985","-30","8498","-30.01","82","-0.01",,,
"1708895970.986","-30","8305","-30.07","82","-0.07",,,
"1708895970.987","-30","4830","-30.14","82","-0.14",,,
"1708895970.988",,,"-30.12","82","-0.12",,,
"1708895971.418","-30","5409","-30.1","82","-0.1",,,
"1708895971.419",,"5795","-30.01","82","-0.01",,,
"1708895971.42","-30","8305","-30.04","82","-0.04",,,
"1708895971.421","-30","7532","-29.92","83",,,,
"1708895971.422","-30","10815","-29.95","82","0.05",,,
"1708895971.423","-30","9463","-29.97","83","0.03",,,
"1708895971.424","-30","8691","-30","83","0",,,
"1708895971.425","-30",,"-30.02","82","-0.02",,,
"1708895971.426","-30","8112","-30.03","82","-0.03",,,
"1708895971.427",,"7726","-30.08","82",,,,
"1708895971.435","-30","6374",,,"-0.08",,,
"1708895971.436","-30",,"-30.08","82","-0.08",,,
"1708895971.437","-30","6374","-30.04","82","-0.04",,,
"1708895971.438",,"7532","-30.07","82","-0.07",,,
"1708895971.439","-30","6567","-30.09","82",,,,
"1708895971.44","-30","6181","-30.02","82","-0.02",,,
"1708895971.441","-30","8111",,,,,,
"1708895971.442",,,"-30.02","82","-0.02",,,
"1708895971.443","-30","8111","-29.98",,,,,
"1708895971.444","-30","9077","-29.98","83","0.02",,,
"1708895971.445","-30","9077","-30.02","82","0.02",,,
"1708895971.446","-30","7918","-30.15","83","-0.02",,,
"1708895971.447","-30","4443","-29.89","82","0.11",,,
"1708895971.448","-30","11586","-29.94","83",,,,
"1708895971.449","-30","10235","-30.03","82","0.06",,,
"1708895971.45","-30","7725","-30.02",,"-0.03",,,
"1708895971.451","-30","7918",,"82","-0.02",,,
"1708895971.452","-30","7339","-30.05","82","-0.05",,,
"1708895971.453",,,"-30.08","82","-0.08",,,
"1708895971.493","-30",,,,,,,
"1708895971.494",,"6374","-30.18",,,,,
"1708895971.496",,,,"83","-0.18",,,
"1708895971.497","-30",,,,,,,
"1708895971.498",,"3670","-30.12","82","-0.12",,,
"1708895971.499","-30","5408","-30.02",,,,,
"1708895971.5","-30",,,"82","-0.02",,,
"1708895971.501",,"8111","-30.03",,,,,
"1708895971.502",,,,"83",,,,
"1708895971.503","-30",,,,"-0.03",,,
"1708895971.504",,"7725","-30.05","82",,,,
"1708895971.537",,,,,"-0.05",,,
"1708895971.538","-30","7339","-29.9","82",,,,
"1708895971.539","-30","11393",,,"0.1",,,
"1708895971.54",,,"-29.9","82","0.1",,,
"1708895971.541","-30","11200","-30.05","83",,,,
"1708895971.542",,,,,"-0.05",,,
"1708895971.55","-30","7146","-30.06","82",,,,
"1708895971.551",,,,,"-0.06",,,
"1708895971.552","-30",,,,,,,
"1708895971.554",,"6953","-29.96","83","0.04",,,
"1708895971.555","-30","9656","-30.07","82","-0.07",,,
"1708895971.556","-30","5408","-30.12","83","-0.12",,,
"1708895971.557","-30","7339","-30.11","83","-0.11",,,
"1708895971.558","-30","9269","-29.97","83","0.03",,,
"1708895971.559","-30","5408","-29.98","82","-0.12",,,
"1708895971.56","-30","9076","-29.91","83","0.02",,,
"1708895971.575","-30","11007",,,"0.09",,,
"1708895971.576",,,"-30.02","83","-0.02",,,
"1708895971.93","-30",,,,,,,
"1708895971.931","-30","7918","-29.92","83","0.08",,,
"1708895971.932","-30","10814","-29.97","83","0.03",,,
"1708895971.933",,"9269","-30.05","82",,,,
"1708895971.934","-30","7339","-30","83","-0.05",,,
"1708895971.935",,,,,"0",,,
"1708895971.937","-30","8690","-30.15",,,,,
"1708895971.938",,,,"82","-0.15",,,
"1708895971.939","-30","4442","-30.15","83","-0.15",,,
"1708895971.94","-30","4442","-30.06","82","-0.06",,,
"1708895971.941","-30","6952","-30.18","83",,,,
"1708895971.942","-30","3670","-30.02",,"-0.18",,,
"1708895971.943","-30",,,"82","-0.02",,,
"1708895971.944",,"8110","-29.97","83",,,,
"1708895971.945","-30","9269","-30",,"0.03",,,
"1708895971.946","-30","8690",,"83","0",,,
"1708895971.947","-30","9462","-29.97","83","0.03",,,
"1708895971.948","-30",,"-30.02","82","-0.02",,,
"1708895971.949","-30","8110","-30.03","82","-0.03",,,
"1708895971.95","-30","7724","-29.97","82","0.03",,,
"1708895971.951",,"9462","-30","83",,,,
"1708895971.952","-30","8690","-29.97",,"0",,,
"1708895971.953","-30",,,"83","0.03",,,
"1708895971.954",,"9462","-30.04","82","-0.04",,,
"1708895971.955","-30","7531",,,,,,
"1708895971.964",,,"-30.06",,,,,
"1708895971.965","-30","6952","-30.1","82","-0.06",,,
"1708895971.966","-30","5986","-30.1","82","-0.1",,,
"1708895971.967","-30","5986","-30.05","82","-0.05",,,
"1708895971.968","-30","11585","-29.99","82","0.11",,,
"1708895971.969","-30","8882","-29.99",,"0.01",,,
"1708895971.97","-30","8882","-30.05","82","-0.05",,,
"1708895971.971","-30","7145","-29.97",,,,,
"1708895971.972","-30","9462","-29.97","83","0.03",,,
"1708895971.973","-30","9462","-29.97","82","0.03",,,
"1708895971.974","-30","9269","-30.07","82","-0.07",,,
"1708895971.975","-30","6566","-30","83","0",,,
"1708895971.976","-30","8689","-30.05","82","-0.05",,,
"1708895971.977","-30","7145","-30.08","82","-0.08",,,
"1708895971.978","-30","6372","-30.09","82","-0.09",,,
"1708895971.979","-30","6179","-30.11","83","-0.11",,,
"1708895971.98","-30","5600","-30.01","82",,,,
"1708895971.981","-30","8303","-30","82","0",,,
"1708895971.982","-30","8689","-29.98",,,,,
"1708895971.983","-30","9075",,"82","0.02",,,
"1708895971.984","-30","7917","-30.02","82","-0.02",,,
"1708895971.985",,,"-29.99","82",,,,
"1708895971.988","-30",,,,"0.01",,,
"1708895971.989",,"8882","-29.92","83",,,,
"1708895971.99","-30",,,,"0.08",,,
"1708895971.991",,"10813","-30.05","82",,,,
"1708895971.992","-30","7338","-30.08",,"-0.05",,,
"1708895971.993","-30",,,"82","-0.08",,,
"1708895971.994",,"6372","-30.04",,,,,
"1708895971.995","-30",,,"82","-0.04",,,
"1708895971.996",,"7531","-30.09",,,,,
"1708895971.997","-30",,,"82","-0.09",,,
"1708895972.443",,"6179","-30.14",,,,,
"1708895972.444","-30","4827",,"82","-0.14",,,
"1708895972.445",,,"-30.07",,,,,
"1708895972.447",,,,"82",,,,
"1708895972.449",,,,,"-0.07",,,
"1708895972.451","-30",,,,,,,
"1708895972.452",,"6758",,,,,,
"1708895972.455",,,"-30.05","82",,,,
"1708895972.457",,,,,"-0.05",,,
"1708895972.458","-30","7144",,,,,,
"1708895972.459",,,"-29.97",,,,,
"1708895972.461",,,,"83",,,,
"1708895972.462",,,,,"0.03",,,
"1708895972.463","-30",,,,,,,
"1708895972.464",,"9268",,,,,,
"1708895972.465",,,"-30","83",,,,
"1708895972.466","-30",,,,"0",,,
"1708895972.467",,"8496","-29.95","82",,,,
"1708895972.468",,,,,"0.05",,,
"1708895972.469","-30","10040","-30.02",,,,,
"1708895972.471",,,,"82","-0.02",,,
"1708895972.472","-30",,,,,,,
"1708895972.473",,"8110","-30.03",,,,,
"1708895972.474","-30","7723","-30.05","82","-0.03",,,
"1708895972.475","-30",,,"82","-0.05",,,
"1708895972.476",,"7337","-30.02","82",,,,
"1708895972.477","-30","7916","-30.07",,"-0.02",,,
"1708895972.482","-30","6565","-30.12","82","-0.07",,,
"1708895972.483","-30","5406","-30.1","82","-0.1",,,
"1708895972.484","-30","9268","-29.97","83","0.03",,,
"1708895972.485","-30","9075","-29.97","83","0.03",,,
"1708895972.486","-30","7723","-29.99","82","-0.03",,,
"1708895972.487","-30",,,,"0.01",,,
"1708895972.488","-30","8882","-29.88","83","0.12",,,
"1708895972.489",,"11778","-30.01","82",,,,
"1708895972.49","-30","8302","-30.05",,"-0.01",,,
"1708895972.491","-30","7337","-29.88","82","-0.05",,,
"1708895972.492","-30","11778","-29.95","83","0.12",,,
"1708895972.493","-30","10040","-30.03","82","0.05",,,
"1708895972.494","-30","7723","-30.15","83","-0.03",,,
"1708895972.495","-30","4441","-30.12","82","-0.15",,,
"1708895972.496","-30","5213","-30.07","82","-0.12",,,
"1708895972.497","-30","6565",,,"-0.07",,,
"1708895972.498","-30","8688","-30","83","0",,,
"1708895972.499","-30","9268","-29.97","83","0.03",,,
"1708895972.5","-30","7337","-30.05","82","-0.05",,,
"1708895972.501","-30","10426","-29.93","83","0.07",,,
"1708895972.502","-30","10426","-29.93","82","0.07",,,
"1708895972.503",,,"-30.02","82","-0.02",,,
"1708895972.504","-30","7916","-29.96","83","0.04",,,
"1708895972.505","-30","9654",,,,,,
"1708895972.506","-30",,"-29.97","83","0.03",,,
"1708895972.507","-30","9268","-29.97","83","0.03",,,
"1708895972.508",,"9461","-29.97","82","0.03",,,
"1708895972.509","-30",,,,,,,
"1708895972.51","-30","9461","-30.02","82","-0.02",,,
"1708895972.511",,"7916","-30.06","83",,,,
"1708895972.516","-30",,,,"-0.06",,,
"1708895972.517",,"6951","-30.07","82",,,,
"1708895972.518","-30","6565",,,"-0.07",,,
"1708895972.519",,,"-30.1","82",,,,
"1708895972.52",,,,,"-0.1",,,
"1708895972.521","-30",,,,,,,
"1708895972.522","-30","5985","-30.05","83","-0.05",,,
"1708895972.523","-30","10426","-29.93","83","0.07",,,
"1708895972.524","-30","7916","-29.95","82","-0.02",,,
"1708895972.525","-30",,,,"0.05",,,
"1708895972.955",,"10040",,,,,,
"1708895972.956",,,"-30","83","0",,,
"1708895972.957","-30","8688",,,,,,
"1708895972.958",,,"-30","83",,,,
"1708895972.959","-30",,,,"0",,,
"1708895972.96",,"8688","-29.95","83",,,,
"1708895972.961",,,,,"0.05",,,
"1708895972.962","-30","9847","-29.93",,,,,
"1708895972.963","-30",,,"83","0.07",,,
"1708895972.964",,"10426","-29.98",,,,,
"1708895972.965","-30",,,"83","0.02",,,
"1708895972.966",,"9075","-30.06",,,,,
"1708895972.967",,,,"82","-0.06",,,
"1708895972.968","-30","6951","-29.98",,,,,
"1708895972.969",,,,"82","0.02",,,
"1708895972.97","-30","9075",,,,,,
"1708895972.971",,,"-29.92",,,,,
"1708895972.972","-30",,,"82","0.08",,,
"1708895972.973",,"10812","-30.02","82",,,,
"1708895972.974","-30",,,,"-0.02",,,
"1708895972.975",,"8109","-30.07","82",,,,
"1708895972.976","-30","6758","-30.17",,"-0.07",,,
"1708895972.985","-30",,,"82","-0.17",,,
"1708895972.986",,"3861","-30.08","82","-0.08",,,
"1708895972.987","-30","6371",,,,,,
"1708895972.988",,,"-30.03","82",,,,
"1708895972.989","-30","7723",,,"-0.03",,,
"1708895972.99",,,"-30.06","82",,,,
"1708895972.991","-30",,,,"-0.06",,,
"1708895972.992","-30","6951","-29.97","83","0.03",,,
"1708895972.993","-30","11777","-29.88","83","0.12",,,
"1708895972.994","-30","7337","-30.05","82","-0.05",,,
"1708895972.995","-30","8688","-30","83","0",,,
"1708895972.996","-30","8495","-30","83","0",,,
"1708895972.997","-30","9461","-29.9","83","0.03",,,
"1708895972.998","-30","11198","-29.98","82","0.02",,,
"1708895972.999","-30","5406","-30.12","82","-0.12",,,
"1708895973","-30","5406","-30.12","82","-0.12",,,
"1708895973.001","-30","6178","-30.02","82","-0.09",,,
"1708895973.002","-30","5792","-30.1","82","-0.1",,,
"1708895973.003","-30",,"-29.99","82","0.01",,,
"1708895973.004",,"8881","-30.11","83",,,,
"1708895973.005","-30","5599",,,"-0.11",,,
"1708895973.006","-30","9460","-29.97","83","0.03",,,
"1708895973.007","-30","8881","-29.99","82","0.01",,,
"1708895973.008","-30",,"-29.97","83","0.03",,,
"1708895973.009","-30","9460","-29.85","83","0.15",,,
"1708895973.01","-30","12742","-30.04","82","-0.04",,,
"1708895973.011","-30","7530","-30.06","82","-0.06",,,
"1708895973.012",,"6950","-30.19","82","-0.19",,,
"1708895973.013","-30","3475","-30.12","82","-0.12",,,
"1708895973.014","-30","5212",,,,,,
"1708895973.061",,,"-30.03","82",,,,
"1708895973.062",,,,,"-0.03",,,
"1708895973.063","-30","7722","-30.02",,,,,
"1708895973.064",,,,"82","-0.02",,,
"1708895973.065","-30","7915",,,,,,
"1708895973.066",,,"-30.05","82","-0.05",,,
"1708895973.067","-30","7336",,,,,,
"1708895973.081","-30","11198","-29.96","83","0.1",,,
"1708895973.082","-30","9653","-30.07","83","0.04",,,
"1708895973.083","-30","6757",,"82","-0.07",,,
"1708895973.084","-30",,"-30.09","82","-0.09",,,
"1708895973.085",,"6178","-29.98","83",,,,
"1708895973.086","-30",,,,"0.02",,,
"1708895973.467",,"9074",,,,,,
"1708895973.468","-30",,"-29.97","83","0.03",,,
"1708895973.469",,"9267",,,,,,
"1708895973.47",,,"-30.01","82","-0.01",,,
"1708895973.471","-30","8302",,,,,,
"1708895973.472",,,"-30","82","0",,,
"1708895973.473","-30",,,,,,,
"1708895973.475",,"8495","-30.13",,,,,
"1708895973.476","-30",,,"82","-0.13",,,
"1708895973.477",,"5019","-30.06","82",,,,
"1708895973.478","-30","6950","-30.02",,"-0.06",,,
"1708895973.479","-30","7915",,"82","-0.02",,,
"1708895973.48",,,"-29.95","82","0.05",,,
"1708895973.481","-30","9846","-29.99",,,,,
"1708895973.482","-30",,,"83","0.01",,,
"1708895973.483",,"8881","-30","83",,,,
"1708895973.484","-30","8688","-29.92",,"0",,,
"1708895973.485","-30",,,"83","0.08",,,
"1708895973.486",,"10811","-29.95","82","0.05",,,
"1708895973.487","-30","10039",,,,,,
"1708895973.493","-30",,"-30.1","82","-0.1",,,
"1708895973.494","-30","5985","-30.05","82","-0.05",,,
"1708895973.495","-30","7336","-30","83","0",,,
"1708895973.496",,"8688","-30.04","82",,,,
"1708895973.497","-30",,,,"-0.04",,,
"1708895973.498",,"7529","-30.1","82","-0.1",,,
"1708895973.499","-30","5791","-30.17","82",,,,
"1708895973.5","-30","4054","-29.98",,"-0.17",,,
"1708895973.501","-30","9073","-29.95","82","0.05",,,
"1708895973.502","-30","10039","-30.02","82","-0.02",,,
"1708895973.503","-30","7915","-30.04","82","-0.04",,,
"1708895973.504","-30","7529","-30.07","82","-0.07",,,
"1708895973.505","-30","6757","-30",,,,,
"1708895973.506",,,,"82",,,,
"1708895973.509",,,,,"0",,,
"1708895973.51","-30","8494","-30.07",,,,,
"1708895973.511","-30",,,"82","-0.07",,,
"1708895973.512",,"6757","-30",,,,,
"1708895973.513","-30",,,"83","0",,,
"1708895973.514",,"8494","-30.1","82",,,,
"1708895973.515","-30",,,,"-0.1",,,
"1708895973.516",,"5984","-30.12","82",,,,
"1708895973.517","-30","5405",,,"-0.12",,,
"1708895973.518",,,"-30.07","82",,,,
"1708895973.519","-30","6756",,,"-0.07",,,
"1708895973.52",,,"-30.07","82","-0.07",,,
"1708895973.521","-30","6563",,,,,,
"1708895973.522",,,"-30.07","82","-0.07",,,
"1708895973.523","-30","6756",,,,,,
"1708895973.524",,,"-30.07",,,,,
"1708895973.525","-30","6563",,"82","-0.07",,,
"1708895973.526","-30",,"-29.89","82","0.11",,,
"1708895973.527",,"11583","-29.96","83",,,,
"1708895973.528","-30","9652",,,"0.04",,,
"1708895973.529","-30",,"-30.05","82","-0.05",,,
"1708895973.53",,"7335","-30.07","82",,,,
"1708895973.531","-30","6563","-29.97",,"-0.07",,,
"1708895973.532","-30","9266",,"83","0.03",,,
"1708895973.533","-30",,"-29.97","83","0.03",,,
"1708895973.534",,"9459","-30.01","82",,,,
"1708895973.535","-30","8301","-30.12","82","-0.01",,,
"1708895973.536","-30","5405",,,"-0.12",,,
"1708895973.537","-30",,"-30.16","83","-0.16",,,
"1708895973.538",,"4246","-30.11","82","-0.11",,,
"1708895973.539","-30","5597",,,,,,
"1708895973.54",,,"-30.02","82","-0.02",,,
"1708895973.541","-30","7914","-29.91","83",,,,
"1708895973.542","-30","11003",,,"0.09",,,
"1708895973.543","-30","7528","-30.04","82","-0.04",,,
"1708895973.544",,,"-29.97","83","0.03",,,
"1708895973.545","-30",,,,,,,
"1708895973.98","-30","9266","-29.97","83","0.03",,,
"1708895973.981",,"9459","-29.98",,,,,
"1708895973.982","-30","9073",,"82","0.02",,,
"1708895973.983","-30",,"-30.05","82","-0.05",,,
"1708895973.984",,"7335","-30.02","82","-0.02",,,
"1708895973.985","-30","7914","-30.04","82","-0.04",,,
"1708895973.986","-30","7528","-30.02","82",,,,
"1708895973.987","-30","7914","-30.09","82","-0.02",,,
"1708895973.988","-30","6177","-29.95","82","-0.09",,,
"1708895973.989","-30","10038","-30.02",,"0.05",,,
"1708895973.991","-30",,,"82","-0.02",,,
"1708895973.992",,"7914","-30.03",,,,,
"1708895973.993","-30",,,"82","-0.03",,,
"1708895973.994","-30","7721","-30.05","82","-0.05",,,
"1708895973.995",,"7142","-30","83","0",,,
"1708895973.996","-30","8686","-29.92",,,,,
"1708895973.997","-30","10810","-30.04","82","0.08",,,
"1708895973.998","-30","7528","-29.92","82","-0.04",,,
"1708895973.999","-30","10810","-29.95","82","0.08",,,
"1708895974.008","-30",,,"82","0.05",,,
"1708895974.009","-30","10038","-30.1","82","-0.1",,,
"1708895974.01","-30","5983","-30.12","82","-0.12",,,
"1708895974.011",,"5211","-30.1","82","-0.1",,,
"1708895974.012","-30","5790","-30.07","83","-0.07",,,
"1708895974.013","-30","6562","-30.04","82",,,,
"1708895974.014","-30","7528","-30.03","82","-0.03",,,
"1708895974.015","-30","7721","-30.02","82","-0.02",,,
"1708895974.016","-30","8107","-29.98","83","0.02",,,
"1708895974.017","-30","6369","-30.08","82","-0.08",,,
"1708895974.018","-30",,"-30","83","0",,,
"1708895974.019",,"8493","-29.88","83",,,,
"1708895974.02","-30","11775",,,"0.12",,,
"1708895974.021","-30","10231","-29.94","82","0.06",,,
"1708895974.022","-30","6949","-30.06","82","-0.06",,,
"1708895974.023",,,"-29.91","83","0.09",,,
"1708895974.024","-30","11003","-30.06","82","-0.06",,,
"1708895974.025","-30","6949","-30.06","82","-0.06",,,
"1708895974.026","-30","6949","-30.11","83","-0.11",,,
"1708895974.027","-30",,,,,,,
"1708895974.028",,"5597","-30.12","82",,,,
"1708895974.029","-30","5211","-30.07","82","-0.12",,,
"1708895974.03","-30","6755","-29.96",,"-0.07",,,
"1708895974.031","-30","9651",,"83","0.04",,,
"1708895974.032","-30","7334","-30.05","82","-0.05",,,
"1708895974.033",,,"-30.05","82","-0.05",,,
"1708895974.036","-30",,,,,,,
"1708895974.037",,"7334","-30","83",,,,
"1708895974.038","-30",,,,"0",,,
"1708895974.039",,"8686","-30.07","83",,,,
"1708895974.04","-30","6562",,,"-0.07",,,
"1708895974.041",,,"-29.95","83",,,,
"1708895974.042","-30","9844",,,"0.05",,,
"1708895974.043",,,"-29.99","83",,,,
"1708895974.044","-30","8879",,,"0.01",,,
"1708895974.045",,,"-30.07","82","-0.07",,,
"1708895974.046","-30","6755",,,,,,
"1708895974.049",,,"-30.04","82",,,,
"1708895974.05","-30",,,,"-0.04",,,
"1708895974.051",,"7527","-30.05",,,,,
"1708895974.052","-30",,,"82","-0.05",,,
"1708895974.493","-30","8686","-30","83","0",,,
"1708895974.494",,,"-30.09","82","-0.09",,,
"1708895974.495","-30","6176","-30.05","82",,,,
"1708895974.496","-30","7334","-29.96",,"-0.05",,,
"1708895974.497","-30","9651","-29.92","83","0.04",,,
"1708895974.498","-30","10616",,"83","0.08",,,
"1708895974.499","-30","9072","-30","82","0.02",,,
"1708895974.5","-30","8686","-29.89","82","0.11",,,
"1708895974.501","-30","9651","-29.96","83","0.04",,,
"1708895974.502","-30","9072","-29.98","83","0.02",,,
"1708895974.503","-30",,"-29.9","82","0.1",,,
"1708895974.504",,"11196",,,,,,
"1708895974.513","-30","9651","-29.96","83","0.04",,,
"1708895974.514","-30","5404","-30.12","82","-0.12",,,
"1708895974.515","-30","5983","-30.1","82","-0.1",,,
"1708895974.516","-30","7141","-30.05","82","-0.05",,,
"1708895974.517","-30","8107","-30.02","82","-0.02",,,
"1708895974.518","-30","8686","-30","83","0",,,
"1708895974.519","-30","7141","-30.05","82","-0.05",,,
"1708895974.52","-30","5210","-30","82","-0.12",,,
"1708895974.521","-30","10616","-29.92","83","0.08",,,
"1708895974.522","-30","9651","-29.96","83","0.04",,,
"1708895974.523","-30","7720","-29.97","82","0.03",,,
"1708895974.524","-30","5017","-30.07","83","-0.13",,,
"1708895974.525","-30","6562","-30.1","83","-0.07",,,
"1708895974.526","-30","5983","-30.04","82","-0.04",,,
"1708895974.527","-30","8686","-29.94","82","0.06",,,
"1708895974.528","-30","9651","-30.04","82","0.04",,,
"1708895974.529","-30","11002","-30.01","82","0.09",,,
"1708895974.53","-30","9844","-29.94","83","0.05",,,
"1708895974.531","-30","7720","-30.03","83","-0.03",,,
"1708895974.532","-30","8106","-30.07","82","-0.02",,,
"1708895974.559","-30",,,,"-0.07",,,
"1708895974.56",,"6562","-30.07","82",,,,
"1708895974.561","-30","6755",,,"-0.07",,,
"1708895974.562",,,"-29.96","83",,,,
"1708895974.563","-30","9651",,,"0.04",,,
"1708895974.564",,,"-30.1",,,,,
"1708895974.616",,,,"82","-0.1",,,
"1708895974.617","-30","5789","-30.02","82","-0.02",,,
"1708895974.618","-30","8106","-29.96","82","0.04",,,
"1708895975.005",,"9651",,,,,,
"1708895975.006",,,"-30","83",,,,
"1708895975.007","-30",,,,"0",,,
"1708895975.008",,"8686","-29.93","82",,,,
"1708895975.009",,,,,"0.07",,,
"1708895975.01","-30","10423","-29.89",,,,,
"1708895975.011",,,,"83","0.11",,,
"1708895975.012","-30","11582",,,,,,
"1708895975.013",,,"-30.06","82",,,,
"1708895975.014","-30",,,,"-0.06",,,
"1708895975.015",,"6948","-30.08","82",,,,
"1708895975.016","-30","6369",,,"-0.08",,,
"1708895975.017",,,"-29.9","83","0.1",,,
"1708895975.018","-30","11195","-29.93",,,,,
"1708895975.019",,,,"82","0.07",,,
"1708895975.02","-30","10423",,,,,,
"1708895975.021","-30",,"-29.93","83","0.07",,,
"1708895975.022",,"10423","-30","83",,,,
"1708895975.023","-30","8686",,,"0",,,
"1708895975.024",,,"-30.24",,,,,
"1708895975.027",,,,"82","-0.24",,,
"1708895975.028","-30",,,,,,,
"1708895975.029",,"2121","-30.07","82",,,,
"1708895975.03","-30",,,,"-0.07",,,
"1708895975.031",,"6755","-30",,,,,
"1708895975.032","-30",,,"83","0",,,
"1708895975.04","-30","8685","-29.88","83","0.12",,,
"1708895975.041",,"11774","-30.05","82","-0.05",,,
"1708895975.042","-30","7141",,,,,,
"1708895975.043",,,"-29.9","83",,,,
"1708895975.044","-30","11388",,,"0.1",,,
"1708895975.045","-30",,"-29.99","82","0.01",,,
"1708895975.046","-30","8879","-30","82","0",,,
"1708895975.047",,"8686","-29.97","83","0.03",,,
"1708895975.048","-30","9458","-29.89","82","0.11",,,
"1708895975.049","-30","11582","-29.97","83","0.03",,,
"1708895975.05","-30","9265","-29.93","83","0.07",,,
"1708895975.051","-30","10423","-29.87","82",,,,
"1708895975.052","-30","12161","-30.07","82","0.13",,,
"1708895975.053","-30",,,,"-0.07",,,
